Employee_Name,EmpID,Position,State,DOB,Sex,MaritalDesc,Salary
"Adinolfi, Wilson  K",10026,Production Technician I,MA,07/10/83,M ,Single,62506
"Ait Sidi, Karthikeyan   ",10084,Sr. DBA,MA,05/05/75,M ,Married,104437
"Akinkuolie, Sarah",10196,Production Technician II,MA,09/19/88,F,Married,64955
"Alagbe,Trina",10088,Production Technician I,MA,09/27/88,F,Married,64991
"Anderson, Carol ",10069,Production Technician I,MA,09/08/89,F,Divorced,50825
"Anderson, Linda  ",10002,Production Technician I,MA,05/22/77,F,Single,57568
"Andreola, Colby",10194,Software Engineer,MA,05/24/79,F,Single,95660
"Athwal, Sam",10062,Production Technician I,MA,02/18/83,M ,Widowed,59365
"Bachiochi, Linda",10114,Production Technician I,MA,02/11/70,F,Single,47837
"Bacong, Alejandro ",10250,IT Support,MA,01/07/88,M ,Divorced,50178
"Baczenski, Rachael  ",10252,Production Technician I,MA,01/12/74,F,Married,54670
"Barbara, Thomas",10242,Production Technician I,MA,02/21/74,M ,Married,47211
"Barbossa, Hector",10012,Data Analyst,TX,07/04/88,M ,Divorced,92328
"Barone, Francesco  A",10265,Production Technician I,MA,07/20/83,M ,Single,58709
"Barton, Nader",10066,Production Technician I,MA,07/15/77,M ,Divorced,52505
"Bates, Norman",10061,Production Technician I,MA,10/18/81,M ,Single,57834
"Beak, Kimberly  ",10023,Production Technician II,MA,04/17/66,F,Married,70131
"Beatrice, Courtney ",10055,Production Technician I,MA,10/27/70,F,Single,59026
"Becker, Renee",10245,Database Administrator,MA,04/04/86,F,Single,110000
"Becker, Scott",10277,Production Technician I,MA,04/06/79,M ,Single,53250
"Bernstein, Sean",10046,Production Technician I,MA,12/22/70,M ,Single,51044
"Biden, Lowan  M",10226,Production Technician I,MA,12/27/58,F,Divorced,64919
"Billis, Helen",10003,Production Technician I,MA,09/01/89,F,Married,62910
"Blount, Dianna",10294,Production Technician II,MA,09/21/90,F,Single,66441
"Bondwell, Betsy",10267,Production Technician II,MA,01/16/67,F,Single,57815
"Booth, Frank",10199,Enterprise Architect,CT,07/30/64,M ,Single,103613
"Boutwell, Bonalyn",10081,Sr. Accountant,MA,04/04/87,F,Married,106367
"Bozzi, Charles",10175,Production Manager,MA,03/10/70,M ,Single,74312
"Brill, Donna",10177,Production Technician I,MA,08/24/90,F,Married,53492
"Brown, Mia",10238,Accountant I,MA,11/24/87,F,Married,63000
"Buccheri, Joseph  ",10184,Production Technician II,MA,07/28/83,M ,Single,65288
"Bugali, Josephine ",10203,Production Technician I,MA,10/30/69,F,Separated,64375
"Bunbury, Jessica",10188,Area Sales Manager,VA,06/01/64,F,Married,74326
"Burke, Joelle",10107,Production Technician II,MA,03/02/80,F,Single,63763
"Burkett, Benjamin ",10181,Production Technician II,MA,08/19/77,M ,Married,62162
"Cady, Max ",10150,Software Engineering Manager,MA,11/22/66,M ,Single,77692
"Candie, Calvin",10001,Production Manager,MA,08/09/83,M ,Single,72640
"Carabbio, Judith",10085,Software Engineer,MA,04/05/87,F,Single,93396
"Carey, Michael  ",10115,Production Technician I,MA,02/02/83,M ,Single,52846
"Carr, Claudia  N",10082,Sr. DBA,MA,06/06/86,F,Single,100031
"Carter, Michelle ",10040,Area Sales Manager,VT,05/15/63,F,Single,71860
"Chace, Beatrice ",10067,Production Technician I,MA,01/02/51,F,Single,61656
"Champaigne, Brian",10108,BI Director,MA,02/09/72,M ,Married,110929
"Chan, Lin",10210,Production Technician I,MA,02/12/79,F,Single,54237
"Chang, Donovan  E",10154,Production Technician I,MA,08/24/83,M ,Single,60380
"Chigurh, Anton",10200,Area Sales Manager,TX,06/11/70,M ,Single,66808
"Chivukula, Enola",10240,Production Technician I,MA,08/27/83,F,Single,64786
"Cierpiszewski, Caroline  ",10168,Production Technician I,MA,05/31/88,F,Single,64816
"Clayton, Rick",10220,IT Support,MA,09/05/85,M ,Single,68678
"Cloninger, Jennifer",10275,Production Technician II,MA,08/31/81,F,Married,64066
"Close, Phil",10269,Production Technician II,MA,11/25/78,M ,Married,59369
"Clukey, Elijian",10029,Production Technician I,MA,08/26/80,M ,Married,50373
"Cockel, James",10261,Production Technician I,MA,09/08/77,M ,Single,63108
"Cole, Spencer",10292,Production Technician I,MA,08/12/79,M ,Single,59144
"Corleone, Michael",10282,Production Manager,MA,12/17/75,M ,Divorced,68051
"Corleone, Vito",10019,Director of Operations,MA,03/19/83,M ,Single,170500
"Cornett, Lisa ",10094,Production Technician I,MA,03/31/77,F,Married,63381
"Costello, Frank",10193,Data Analyst,MA,08/26/86,M ,Married,83552
"Crimmings,   Jean",10132,Production Technician I,MA,04/10/87,F,Single,56149
"Cross, Noah",10083,Sr. Network Engineer,CT,09/09/65,M ,Single,92329
"Daneault, Lynn",10099,Sales Manager,VT,04/19/90,F,Single,65729
"Daniele, Ann  ",10212,Sr. Network Engineer,CT,01/18/52,F,Married,85028
"Darson, Jene'ya ",10056,Production Technician I,MA,11/05/78,F,Married,57583
"Davis, Daniel",10143,Production Technician II,MA,09/14/79,M ,Single,56294
"Dee, Randy",10311,Production Technician I,MA,04/15/88,M ,Married,56991
"DeGweck,  James",10070,Production Technician I,MA,10/31/77,M ,Married,55722
"Del Bosque, Keyla",10155,Software Engineer,MA,07/05/79,F,Single,101199
"Delarge, Alex",10306,Area Sales Manager,AL,11/02/75,M ,Single,61568
"Demita, Carla",10100,Production Technician II,MA,02/25/51,F,Separated,58275
"Desimone, Carl ",10310,Production Technician I,MA,04/19/67,M ,Married,53189
"DeVito, Tommy",10197,BI Developer,MA,09/04/83,M ,Single,96820
"Dickinson, Geoff ",10276,Production Technician I,MA,11/15/82,M ,Single,51259
"Dietrich, Jenna  ",10304,Area Sales Manager,WA,05/14/87,F,Single,59231
"DiNocco, Lily ",10284,Production Technician I,MA,12/02/78,F,Married,61584
"Dobrin, Denisa  S",10207,Production Technician I,MA,10/07/86,F,Single,46335
"Dolan, Linda",10133,IT Support,MA,07/18/88,F,Married,70621
"Dougall, Eric",10028,IT Manager - Support,MA,07/09/70,M ,Single,138888
"Driver, Elle",10006,Area Sales Manager,CA,11/08/88,F,Single,74241
"Dunn, Amy  ",10105,Production Manager,MA,11/28/73,F,Single,75188
"Dunne, Amy",10211,Production Technician I,MA,09/23/73,F,Married,62514
"Eaton, Marianne",10064,Production Technician I,MA,09/05/91,F,Married,60070
"Engdahl, Jean",10247,Production Technician I,MA,05/31/74,M ,Single,48888
"England, Rex",10235,Production Technician I,MA,08/25/78,M ,Married,54285
"Erilus, Angela",10299,Production Technician II,MA,08/25/89,F,Separated,56847
"Estremera, Miguel",10280,Production Technician I,MA,09/02/83,M ,Single,60340
"Evensen, April",10296,Production Technician I,MA,05/06/89,F,Single,59124
"Exantus, Susan",10290,Software Engineer,MA,05/15/87,F,Married,99280
"Faller, Megan ",10263,Production Technician II,MA,09/22/78,F,Married,71776
"Fancett, Nicole",10136,Production Technician II,MA,09/27/87,F,Single,65902
"Ferguson, Susan",10189,Production Technician I,MA,04/14/55,F,Married,57748
"Fernandes, Nilson  ",10308,Production Technician I,MA,10/18/89,M ,Married,64057
"Fett, Boba",10309,Network Engineer,MA,06/18/87,M ,Single,53366
"Fidelia,  Libby",10049,Production Technician I,MA,03/16/81,F,Married,58530
"Fitzpatrick, Michael  J",10093,Production Technician II,MA,10/01/81,M ,Single,72609
"Foreman, Tanya",10163,Production Technician II,MA,11/08/83,F,Married,55965
"Forrest, Alex",10305,Area Sales Manager,MA,07/07/75,M ,Married,70187
"Foss, Jason",10015,IT Director,MA,07/05/80,M ,Single,178000
"Foster-Baker, Amy",10080,Sr. Accountant,MA,04/16/79,F,Married,99351
"Fraval, Maruk ",10258,Area Sales Manager,CT,08/28/63,M ,Single,67251
"Galia, Lisa",10273,IT Support,CT,07/06/68,F,Single,65707
"Garcia, Raul",10111,Production Technician I,MA,09/15/85,M ,Single,52249
"Gaul, Barbara",10257,Production Technician I,MA,12/02/83,F,Single,53171
"Gentry, Mildred",10159,Production Technician I,MA,10/01/90,F,Married,51337
"Gerke, Melisa",10122,Production Technician I,MA,05/15/70,F,Divorced,51505
"Gill, Whitney  ",10142,Area Sales Manager,OH,07/10/71,F,Widowed,59370
"Gilles, Alex",10283,Production Technician I,MA,08/09/74,M ,Married,54933
"Girifalco, Evelyn",10018,Production Technician I,MA,05/08/80,F,Single,57815
"Givens, Myriam",10255,Area Sales Manager,IN,09/22/89,F,Single,61555
"Goble, Taisha",10246,Database Administrator,MA,10/23/71,F,Single,114800
"Goeth, Amon",10228,IT Support,MA,11/24/89,M ,Married,74679
"Gold, Shenice  ",10243,Production Technician I,MA,06/18/92,F,Single,53018
"Gonzalez, Cayo",10031,Production Technician I,MA,09/29/69,M ,Divorced,59892
"Gonzalez, Juan",10300,Production Technician II,MA,10/12/64,M ,Married,68898
"Gonzalez, Maria",10101,IT Support,MA,04/16/81,F,Separated,61242
"Good, Susan",10237,Production Technician II,MA,05/25/86,F,Married,66825
"Gordon, David",10051,Production Technician I,MA,05/21/79,M ,Married,48285
"Gosciminski, Phylicia  ",10218,Production Technician II,MA,12/08/83,F,Separated,66149
"Goyal, Roxana",10256,Production Technician I,MA,10/09/74,F,Married,49256
"Gray, Elijiah  ",10098,Production Manager,MA,07/11/81,M ,Divorced,62957
"Gross, Paula",10059,Production Technician I,MA,05/21/83,F,Divorced,63813
"Gruber, Hans",10234,BI Developer,MA,06/30/89,M ,Married,99020
"Guilianno, Mike",10109,Area Sales Manager,TN,02/09/69,M ,Single,71707
"Handschiegl, Joanne",10125,Production Technician I,MA,03/23/77,F,Married,54828
"Hankard, Earnest",10074,Production Technician II,MA,08/10/88,M ,Single,64246
"Harrington, Christie ",10097,Production Technician I,MA,08/18/52,F,Single,52177
"Harrison, Kara",10007,Production Technician I,MA,05/02/74,F,Married,62065
"Heitzman, Anthony",10129,Production Technician I,MA,01/04/84,M ,Single,46998
"Hendrickson, Trina",10075,Production Technician II,MA,08/27/72,F,Single,68099
"Hitchcock, Alfred",10167,Area Sales Manager,NH,09/14/88,M ,Married,70545
"Homberger, Adrienne  J",10195,Production Technician II,MA,02/16/84,F,Married,63478
"Horton, Jayne",10112,Database Administrator,MA,02/21/84,F,Single,97999
"Houlihan, Debra",10272,Director of Sales,RI,03/17/66,F,Married,180000
"Howard, Estelle",10182,Administrative Assistant,MA,09/16/85,F,Married,49920
"Hudson, Jane",10248,Production Technician I,MA,06/10/86,F,Single,55425
"Hunts, Julissa",10201,Production Technician II,MA,03/11/84,F,Single,69340
"Hutter, Rosalie",10214,Production Technician II,MA,05/07/92,F,Separated,64995
"Huynh, Ming",10160,Production Technician II,MA,09/22/76,F,Divorced,68182
"Immediato, Walter",10289,Production Manager,MA,11/15/76,M ,Married,83082
"Ivey, Rose ",10139,Production Technician I,MA,01/28/91,F,Single,51908
"Jackson, Maryellen",10227,Production Technician I,MA,09/11/72,F,Single,61242
"Jacobi, Hannah  ",10236,Production Technician I,MA,03/22/66,F,Divorced,45069
"Jeannite, Tayana",10009,Production Technician II,MA,11/06/86,F,Divorced,60724
"Jhaveri, Sneha  ",10060,Production Technician I,MA,04/13/64,F,Separated,60436
"Johnson, George",10034,Production Technician I,MA,08/19/59,M ,Married,46837
"Johnson, Noelle ",10156,Database Administrator,MA,11/07/86,F,Married,105700
"Johnston, Yen",10036,Production Technician II,MA,09/08/69,F,Single,63322
"Jung, Judy  ",10138,Production Technician I,MA,04/17/86,F,Married,61154
"Kampew, Donysha",10244,Sales Manager,PA,11/11/89,F,Single,68999
"Keatts, Kramer ",10192,Production Technician I,MA,01/19/76,M ,Single,50482
"Khemmich, Bartholemew",10231,Area Sales Manager,CO,11/27/79,M ,Single,65310
"King, Janet",10089,President & CEO,MA,09/21/54,F,Married,250000
"Kinsella, Kathleen  ",10166,Production Technician I,MA,12/08/73,F,Married,54005
"Kirill, Alexandra  ",10170,Production Technician I,MA,10/08/70,F,Married,45433
"Knapp, Bradley  J",10208,Production Technician I,MA,11/10/77,M ,Single,46654
"Kretschmer, John",10176,Production Technician I,MA,02/02/80,M ,Married,63973
"Kreuger, Freddy",10165,Area Sales Manager,NY,02/24/69,M ,Single,71339
"Lajiri,  Jyoti",10113,Sr. Network Engineer,MA,04/23/86,M ,Married,93206
"Landa, Hans",10092,Production Manager,MA,07/01/72,M ,Married,82758
"Langford, Lindsey",10106,Production Technician II,MA,07/25/79,F,Divorced,66074
"Langton, Enrico",10052,Production Technician I,MA,12/09/86,M ,Married,46120
"LaRotonda, William  ",10038,Accountant I,MA,04/26/84,M ,Divorced,64520
"Latif, Mohammed",10249,Production Technician II,MA,05/09/84,M ,Married,61962
"Le, Binh",10232,Senior BI Developer,MA,06/14/87,F,Single,81584
"Leach, Dallas",10087,Production Technician I,MA,01/17/79,F,Single,63676
"LeBlanc, Brandon  R",10134,Shared Services Manager,MA,06/10/84,M ,Married,93046
"Lecter, Hannibal",10251,Production Technician I,MA,09/02/82,M ,Married,64738
"Leruth, Giovanni",10103,Area Sales Manager,UT,12/27/88,M ,Separated,70468
"Liebig, Ketsia",10017,Production Manager,MA,10/26/81,F,Married,77915
"Linares, Marilyn ",10186,Production Technician I,MA,03/26/81,F,Married,52624
"Linden, Mathew",10137,Production Technician II,MA,03/19/79,M ,Married,63450
"Lindsay, Leonara ",10008,IT Support,CT,10/05/88,F,Single,51777
"Lundy, Susan",10096,Production Technician II,MA,12/26/76,F,Widowed,67237
"Lunquist, Lisa",10035,Production Technician II,MA,03/28/82,F,Single,73330
"Lydon, Allison",10057,Production Technician I,MA,10/22/75,F,Married,52057
"Lynch, Lindsay",10004,Production Technician I,MA,02/14/73,F,Single,47434
"MacLennan, Samuel",10191,Production Technician I,MA,11/09/72,M ,Widowed,52788
"Mahoney, Lauren  ",10219,Production Technician I,MA,07/07/86,F,Single,45395
"Manchester, Robyn",10077,Production Technician II,MA,08/25/76,F,Married,62385
"Mancuso, Karen",10073,Production Technician II,MA,12/10/86,F,Married,68407
"Mangal, Debbie",10279,Production Technician I,MA,11/07/74,F,Married,61349
"Martin, Sandra",10110,Software Engineer,MA,11/07/87,F,Single,105688
"Maurice, Shana",10053,Production Technician I,MA,11/22/77,F,Married,54132
"Carthy, B'rigit",10076,Production Technician II,MA,05/21/87,F,Single,55315
"Mckenna, Sandy",10145,Production Technician I,MA,01/07/87,F,Married,62810
"McKinzie, Jac",10202,Area Sales Manager,TX,07/01/84,M ,Married,63291
"Meads, Elizabeth",10128,Production Technician I,MA,05/30/68,F,Single,62659
"Medeiros, Jennifer",10068,Production Technician I,MA,09/22/76,F,Single,55688
"Miller, Brannon",10116,Production Manager,MA,08/10/81,M ,Single,83667
"Miller, Ned",10298,Production Technician II,MA,06/29/85,M ,Single,55800
"Monkfish, Erasumus",10213,Production Technician II,MA,08/17/92,M ,Married,58207
"Monroe, Peter",10288,IT Manager - Infra,MA,10/05/86,M ,Married,157000
"Monterro, Luisa",10025,Production Technician II,MA,04/24/70,F,Single,72460
"Moran, Patrick",10223,Production Technician II,MA,12/03/76,M ,Single,72106
"Morway, Tanya",10151,Network Engineer,MA,04/04/79,F,Married,52599
"Motlagh,  Dawn",10254,Production Technician I,MA,07/07/84,F,Divorced,63430
"Moumanil, Maliki ",10120,Production Technician II,MA,12/01/74,M ,Separated,74417
"Myers, Michael",10216,Production Technician I,MA,04/18/80,M ,Single,57575
"Navathe, Kurt",10079,Senior BI Developer,MA,04/25/70,M ,Single,87921
"Ndzi, Colombui",10215,Production Technician I,MA,05/02/89,M ,Single,50470
"Ndzi, Horia",10185,Production Technician I,MA,03/28/83,M ,Married,46664
"Newman, Richard ",10063,Production Technician I,MA,04/08/77,M ,Married,48495
"Ngodup, Shari ",10037,Production Technician I,MA,06/03/67,F,Separated,52984
"Nguyen, Dheepa",10042,Area Sales Manager,GA,03/31/89,F,Single,63695
"Nguyen, Lei-Ming",10206,Production Technician I,MA,07/07/84,F,Single,62061
"Nowlan, Kristie",10104,Production Technician II,MA,11/23/85,F,Single,66738
"O'hare, Lynn",10303,Production Technician I,MA,09/30/80,F,Single,52674
"Oliver, Brooke ",10078,Production Technician II,MA,02/11/52,F,Married,71966
"Onque, Jasmine",10121,Area Sales Manager,FL,05/11/90,F,Single,63051
"Osturnka, Adeel",10021,Production Technician I,MA,12/11/76,M ,Married,47414
"Owad, Clinton",10281,Production Technician I,MA,11/24/79,M ,Single,53060
"Ozark, Travis",10041,Area Sales Manager,NC,05/19/82,M ,Single,68829
"Panjwani, Nina",10148,Production Technician I,MA,05/01/79,F,Married,63515
"Patronick, Lucas",10005,Software Engineer,MA,02/20/79,M ,Single,108987
"Pearson, Randall",10259,Data Analyst,MA,09/05/84,M ,Married,93093
"Smith, Martin",10286,Production Technician I,MA,03/17/88,M ,Single,53564
"Pelletier, Ermine",10297,Production Technician II,MA,07/18/89,F,Married,60270
"Perry, Shakira",10171,Production Technician I,MA,07/20/86,F,Single,45998
"Peters, Lauren",10032,Production Technician II,MA,08/17/86,F,Married,57954
"Peterson, Ebonee  ",10130,Production Manager,MA,05/09/77,F,Married,74669
"Petingill, Shana  ",10217,Production Technician II,MA,03/10/79,F,Married,74226
"Petrowsky, Thelma",10016,Data Analyst,MA,09/16/84,F,Married,93554
"Pham, Hong",10050,Production Technician I,MA,03/06/88,M ,Married,64724
"Pitt, Brad ",10164,Production Technician I,MA,11/23/81,M ,Single,47001
"Potts, Xana",10124,Area Sales Manager,KY,08/29/88,F,Married,61844
"Power, Morissa",10187,Production Technician I,MA,10/15/84,F,Divorced,46799
"Punjabhi, Louis  ",10225,Production Technician I,MA,06/19/61,M ,Single,59472
"Purinton, Janine",10262,Production Technician I,MA,09/22/70,F,Divorced,46430
"Quinn, Sean",10131,Software Engineer,MA,11/06/84,M ,Married,83363
"Rachael, Maggie",10239,BI Developer,MA,05/12/80,F,Married,95920
"Rarrick, Quinn",10152,Production Technician I,MA,12/31/84,M ,Divorced,61729
"Ren, Kylo",10140,Area Sales Manager,ID,10/12/54,M ,Married,61809
"Rhoads, Thomas",10058,Production Technician I,MA,07/22/82,M ,Divorced,45115
"Rivera, Haley  ",10011,Production Technician I,MA,01/12/73,F,Married,46738
"Roberson, May",10230,Production Technician II,MA,09/05/81,F,Divorced,64971
"Robertson, Peter",10224,Production Technician II,MA,07/03/72,M ,Married,55578
"Robinson, Alain  ",10047,Production Technician I,MA,01/07/74,M ,Married,50428
"Robinson, Cherly",10285,Production Technician I,MA,01/07/85,F,Married,61422
"Robinson, Elias",10020,Production Technician I,MA,01/28/85,M ,Widowed,63353
"Roby, Lori ",10162,Data Analyst,MA,10/11/81,F,Married,89883
"Roehrich, Bianca",10149,Principal Data Architect,MA,05/27/73,F,Single,120000
"Roper, Katie",10086,Data Architect,MA,11/21/72,F,Single,150290
"Rose, Ashley  ",10054,Production Technician I,MA,12/05/74,F,Separated,60627
"Rossetti, Bruno",10065,Production Technician I,MA,03/18/87,M ,Single,53180
"Roup,Simon",10198,IT Manager - DB,MA,04/05/73,M ,Single,140920
"Ruiz, Ricardo",10222,IT Manager - DB,MA,01/04/64,M ,Divorced,148999
"Saada, Adell",10126,Software Engineer,MA,07/24/86,F,Married,86214
"Saar-Beckles, Melinda",10295,Production Technician I,MA,06/06/68,F,Single,47750
"Sadki, Nore  ",10260,Production Technician I,MA,12/21/74,M ,Single,46428
"Sahoo, Adil",10233,Production Technician II,MA,04/26/86,M ,Married,57975
"Salter, Jason",10229,Data Analyst ,MA,12/17/87,M ,Divorced,88527
"Sander, Kamrin",10169,Production Technician I,MA,07/10/88,F,Married,56147
"Sewkumar, Nori",10071,Production Technician I,MA,03/10/75,F,Single,50923
"Shepard, Anita ",10179,Network Engineer,MA,04/14/81,F,Married,50750
"Shields, Seffi",10091,Production Technician I,MA,08/24/85,F,Married,52087
"Simard, Kramer",10178,Data Analyst,MA,02/08/70,M ,Married,87826
"Singh, Nan ",10039,Administrative Assistant,MA,05/19/88,F,Single,51920
"Sloan, Constance",10095,Production Technician II,MA,11/25/87,F,Single,63878
"Smith, Joe",10027,Production Technician II,MA,10/30/63,M ,Single,60656
"Smith, John",10291,Sales Manager,MA,08/16/84,M ,Divorced,72992
"Smith, Leigh Ann",10153,Administrative Assistant,MA,06/14/87,F,Married,55000
"Smith, Sade",10157,Production Technician I,MA,02/02/65,F,Single,58939
"Soto, Julia ",10119,IT Support,MA,03/12/73,F,Married,66593
"Soze, Keyser",10180,Sr. Network Engineer,MA,02/09/83,M ,Married,87565
"Sparks, Taylor  ",10302,Production Technician I,MA,07/20/68,F,Married,64021
"Spirea, Kelley",10090,Production Manager,MA,09/30/75,F,Married,65714
"Squatrito, Kristen",10030,Production Technician I,MA,03/26/73,F,Divorced,62425
"Stanford,Barbara  M",10278,Production Technician I,MA,08/25/82,F,Divorced,47961
"Stansfield, Norman",10307,Area Sales Manager,NV,05/09/74,M ,Married,58273
"Steans, Tyrone  ",10147,Accountant I,MA,09/01/86,M ,Single,63003
"Stoica, Rick",10266,Production Technician I,MA,03/14/85,M ,Married,61355
"Strong, Caitrin",10241,Area Sales Manager,MT,05/12/89,F,Married,60120
"Sullivan, Kissy ",10158,Production Manager,MA,03/28/78,F,Married,63682
"Sullivan, Timothy",10117,Production Technician I,MA,10/07/82,M ,Married,63025
"Sutwell, Barbara",10209,Production Technician I,MA,08/15/68,F,Single,59238
"Szabo, Andrew",10024,Software Engineer,MA,05/06/83,M ,Single,92989
"Tannen, Biff",10173,BI Developer,MA,10/24/87,M ,Married,90100
"Tavares, Desiree  ",10221,Production Technician I,MA,04/03/75,F,Married,60754
"Tejeda, Lenora ",10146,Production Technician II,MA,05/24/53,F,Married,72202
"Terry, Sharlene ",10161,Area Sales Manager,OR,05/07/65,F,Single,58370
"Theamstern, Sophia",10141,Production Technician I,MA,05/09/65,F,Single,48413
"Thibaud, Kenneth",10268,Production Technician II,MA,09/16/75,M ,Widowed,67176
"Tippett, Jeanette",10123,Production Technician I,MA,06/05/67,F,Divorced,56339
"Torrence, Jack",10013,Area Sales Manager,ND,01/15/68,M ,Separated,64397
"Trang, Mei",10287,Production Technician I,MA,05/16/83,F,Single,63025
"Tredinnick, Neville ",10044,Network Engineer,MA,05/05/88,M ,Married,75281
"True, Edward",10102,Software Engineer,MA,06/14/83,M ,Single,100416
"Trzeciak, Cybil",10270,Production Technician II,MA,03/15/85,F,Single,74813
"Turpin, Jumil",10045,Network Engineer,MA,03/31/69,M ,Married,76029
"Valentin,Jackie",10205,Area Sales Manager,AZ,05/23/91,F,Married,57859
"Veera, Abdellah ",10014,Production Technician I,MA,01/31/87,M ,Divorced,58523
"Vega, Vincent",10144,Production Manager,MA,10/10/68,M ,Divorced,88976
"Villanueva, Noah",10253,Area Sales Manager,ME,07/11/89,M ,Single,55875
"Voldemort, Lord",10118,Database Administrator,MA,08/07/86,M ,Married,113999
"Volk, Colleen",10022,Production Technician I,MA,06/03/86,F,Married,49773
"Von Massenbach, Anna",10183,Production Technician I,MA,04/06/85,F,Single,62068
"Walker, Roger",10190,Production Technician II,MA,02/10/76,M ,Single,66541
"Wallace, Courtney  E",10274,Production Manager,MA,11/14/55,F,Married,80512
"Wallace, Theresa",10293,Production Technician I,MA,08/02/80,F,Single,50274
"Wang, Charlie",10172,Senior BI Developer,MA,07/08/81,M ,Single,84903
"Warfield, Sarah",10127,Sr. Network Engineer,MA,05/02/78,F,Widowed,107226
"Whittier, Scott",10072,Production Technician I,MA,05/24/87,M ,Single,58371
"Wilber, Barry",10048,Production Technician I,MA,09/09/65,M ,Married,55140
"Wilkes, Annie",10204,Production Technician I,MA,07/30/83,F,Divorced,58062
"Williams, Jacquelyn  ",10264,Production Technician I,MA,10/02/69,F,Single,59728
"Winthrop, Jordan  ",10033,Production Technician II,MA,11/07/58,M ,Single,70507
"Wolk, Hang  T",10174,Production Technician II,MA,04/20/85,F,Single,60446
"Woodson, Jason",10135,Production Technician II,MA,05/11/85,M ,Single,65893
"Ybarra, Catherine ",10301,Production Technician I,MA,05/04/82,F,Single,48513
"Zamora, Jennifer",10010,CIO,MA,08/30/79,F,Single,220450
"Zhou, Julia",10043,Data Analyst,MA,02/24/79,F,Single,89292
"Zima, Colleen",10271,Production Technician I,MA,08/17/78,F,Widowed,45046
